{
  "xsr7gQoSS8wEBESwFg": {
    "slot": 0
  },
  "0UrotAjSjSUhd5kHrO": {
    "slot": 0
  },
  "MAYYJU6ww7rx7AQiNy": {
    "slot": 0
  },
  "PsI9gLFYPdhi29krnl": {
    "slot": 2
  },
  "845aBSKwoXLlXkleIv": {
    "slot": 2
  },
  "Ji9xtmD2Q5EVPK9i3L": {
    "slot": 2
  },
  "QfK6YPUHCUg6TiyIwv": {
    "slot": 1
  },
  "kc7umjFqOIEtZfhEEP": {
    "slot": 2
  },
  "YM4pB4N0XNouVUIepI": {
    "slot": 1
  },
  "kMPHsuTuGwi0tjZ66T": {
    "slot": 2
  },
  "VsZ2E2O44MJMCyrTyX": {
    "slot": 2
  },
  "ARuyLmqcLTUDjOFTn0": {
    "slot": 1
  },
  "BofV01HJ40XgRrIAZf": {
    "slot": 2
  },
  "debug": {
    "slot": 60
  },
  "SbUTJGVJI7i9FW0haS": {
    "slot": 2
  },
  "l9MoUG2ujOIoHzTF81": {
    "slot": 2
  }
}